{"cameraMode":{"drawMode":0,"name":"Shaded","section":"Shading Mode"},"sceneLighting":true,"audioPlay":false,"sceneViewState":{"showFog":true,"showMaterialUpdate":false,"showSkybox":true,"showFlares":true,"showImageEffects":true,"showParticleSystems":true},"in2DMode":false,"pivot":{"x":600.597900390625,"y":371.1216735839844,"z":41.021240234375},"rotation":{"x":-0.07342181354761124,"y":-0.018856126815080644,"z":0.0013864532811567188,"w":-0.997133195400238},"size":619.9327392578125,"orthographic":false}